CREATE SCHEMA IF NOT EXISTS tas_demo;
CREATE TABLE IF NOT EXISTS tas_demo.tenant (
  tenant_id UUID PRIMARY KEY,
  tenant_name TEXT,
  onboarded_date_time_utc TIMESTAMP,
  tenant_code TEXT,
  is_active BOOLEAN
);
CREATE TABLE IF NOT EXISTS tas_demo.location (
  location_id UUID PRIMARY KEY,
  location_name TEXT,
  tenant_id UUID,
  is_active BOOLEAN
);
CREATE TABLE IF NOT EXISTS tas_demo.colleague_details (
  id UUID PRIMARY KEY,
  colleague_uuid UUID,
  colleague_payload TEXT,
  tenant_id UUID,
  location_id UUID
);
CREATE TABLE IF NOT EXISTS tas_demo.planned_shift (
  planned_shift_id UUID PRIMARY KEY,
  colleague_uuid UUID,
  start_date_time_utc TIMESTAMP,
  end_date_time_utc TIMESTAMP,
  shift_payload TEXT,
  created_time_stamp_utc TIMESTAMP,
  updated_time_stamp_utc TIMESTAMP,
  tenant_id UUID,
  snapshot_version TEXT
);
CREATE TABLE IF NOT EXISTS tas_demo.exception (
  exception_id UUID PRIMARY KEY,
  exception_type TEXT,
  location_uuid UUID,
  colleague_uuid UUID,
  exception_date_utc TIMESTAMP,
  tenant_id UUID,
  exception_duration INT,
  created_timestamp_utc TIMESTAMP,
  updated_timestamp_utc TIMESTAMP
);
CREATE TABLE IF NOT EXISTS tas_demo.exception_audit (
  audit_exception_id UUID PRIMARY KEY,
  exception_id UUID,
  exceptionAction TEXT,
  created_date_time_utc TIMESTAMP,
  manager_uuid UUID,
  payload TEXT
);
CREATE TABLE IF NOT EXISTS tas_demo.exception_detail (
  exception_summary_id UUID PRIMARY KEY,
  exception_id UUID,
  tenant_id UUID,
  start_date_time_utc TIMESTAMP,
  end_date_time_utc TIMESTAMP,
  duration_mins INT,
  is_balanced BOOLEAN,
  leaver_date TIMESTAMP,
  status TEXT
);
INSERT INTO tas_demo.tenant VALUES ('b1e43bc5-4bd2-4285-8940-71722b24f1e8', 'Tenant_b1e4', '2025-07-07T15:42:55.744413', 'TCode_b1e4', FALSE);
INSERT INTO tas_demo.tenant VALUES ('14b794d0-b206-4ab6-b405-0a52f7c11ef0', 'Tenant_14b7', '2025-07-07T15:42:55.744423', 'TCode_14b7', FALSE);
INSERT INTO tas_demo.tenant VALUES ('cf10a6f8-0543-4a1c-ab20-c7c5fe9f4445', 'Tenant_cf10', '2025-07-07T15:42:55.744427', 'TCode_cf10', TRUE);
INSERT INTO tas_demo.tenant VALUES ('9d7f318d-cf40-434e-b545-085a06205446', 'Tenant_9d7f', '2025-07-07T15:42:55.744429', 'TCode_9d7f', FALSE);
INSERT INTO tas_demo.tenant VALUES ('3be9a734-0fcd-45b4-95d0-77217bb8cdec', 'Tenant_3be9', '2025-07-07T15:42:55.744432', 'TCode_3be9', TRUE);
INSERT INTO tas_demo.location VALUES ('652f1ca0-bf2c-450f-987a-1386218cd602', 'Location_652f', '14b794d0-b206-4ab6-b405-0a52f7c11ef0', TRUE);
INSERT INTO tas_demo.location VALUES ('ac84175c-c750-464e-ba43-033da9ce690f', 'Location_ac84', 'cf10a6f8-0543-4a1c-ab20-c7c5fe9f4445', FALSE);
INSERT INTO tas_demo.location VALUES ('16599b2c-be6f-4f4d-bd9c-1d567b31b9db', 'Location_1659', '9d7f318d-cf40-434e-b545-085a06205446', FALSE);
INSERT INTO tas_demo.location VALUES ('32c8a78b-8962-44a0-846f-eef74b57294d', 'Location_32c8', '9d7f318d-cf40-434e-b545-085a06205446', TRUE);
INSERT INTO tas_demo.location VALUES ('90342c31-7775-4f17-9897-264d9b9c12b4', 'Location_9034', '3be9a734-0fcd-45b4-95d0-77217bb8cdec', TRUE);
INSERT INTO tas_demo.colleague_details VALUES ('215e0288-7cf4-4754-a71d-d43e4b52f3e5', '405335a6-8ce7-461a-82a8-1ed888f50b57', 'Payload_4053', '3be9a734-0fcd-45b4-95d0-77217bb8cdec', '16599b2c-be6f-4f4d-bd9c-1d567b31b9db');
INSERT INTO tas_demo.colleague_details VALUES ('f41ac26d-c0c3-4c69-995a-71be039f7242', '2de7a617-ddf6-4bc3-8246-17bf1ccdf2d8', 'Payload_2de7', 'cf10a6f8-0543-4a1c-ab20-c7c5fe9f4445', '16599b2c-be6f-4f4d-bd9c-1d567b31b9db');
INSERT INTO tas_demo.colleague_details VALUES ('82299c71-9596-4dde-ae6f-3cea1eda9bd5', 'b03af982-6a7e-4e34-9174-ed008cea867f', 'Payload_b03a', 'b1e43bc5-4bd2-4285-8940-71722b24f1e8', 'ac84175c-c750-464e-ba43-033da9ce690f');
INSERT INTO tas_demo.colleague_details VALUES ('0451028b-26b9-4ea8-85e2-d5f6d6b7936e', '60465f50-3dee-44f5-8596-41b785180ba2', 'Payload_6046', 'b1e43bc5-4bd2-4285-8940-71722b24f1e8', '652f1ca0-bf2c-450f-987a-1386218cd602');
INSERT INTO tas_demo.colleague_details VALUES ('a9037f0d-efb6-461c-bd25-4bbcbbff0076', '7f88b410-2c40-4851-9897-b035c83e804d', 'Payload_7f88', '3be9a734-0fcd-45b4-95d0-77217bb8cdec', '32c8a78b-8962-44a0-846f-eef74b57294d');
INSERT INTO tas_demo.colleague_details VALUES ('70629e05-dc10-41fb-9d99-405c15aacec4', '1154ca96-a808-4e4d-aad2-0b4d118cbdff', 'Payload_1154', 'b1e43bc5-4bd2-4285-8940-71722b24f1e8', '16599b2c-be6f-4f4d-bd9c-1d567b31b9db');
INSERT INTO tas_demo.colleague_details VALUES ('6e75d0b1-0e59-451d-9111-d607e1ec6219', 'b1910341-3d40-4d3a-93db-2760d40e0e67', 'Payload_b191', '14b794d0-b206-4ab6-b405-0a52f7c11ef0', '16599b2c-be6f-4f4d-bd9c-1d567b31b9db');
INSERT INTO tas_demo.colleague_details VALUES ('49204124-7f81-4ffe-b662-b719a10619ef', 'f41d31e2-dd0a-4fc9-a9e6-3c3b04527a9f', 'Payload_f41d', '3be9a734-0fcd-45b4-95d0-77217bb8cdec', '90342c31-7775-4f17-9897-264d9b9c12b4');
INSERT INTO tas_demo.colleague_details VALUES ('ffa5cba7-0b5f-45da-bc0f-d26042aba7d3', '6286e8d3-f106-44ec-b7e9-a84db5356862', 'Payload_6286', '9d7f318d-cf40-434e-b545-085a06205446', 'ac84175c-c750-464e-ba43-033da9ce690f');
INSERT INTO tas_demo.colleague_details VALUES ('b7887549-9e4a-4764-aa68-83b335694a91', 'e41a09a2-60d2-47c3-8b58-cfd3992d02e4', 'Payload_e41a', '3be9a734-0fcd-45b4-95d0-77217bb8cdec', '16599b2c-be6f-4f4d-bd9c-1d567b31b9db');
INSERT INTO tas_demo.colleague_details VALUES ('c8a44006-7a7d-48d3-a342-5e593c10c138', 'b41f315f-3241-4e64-829f-6a8d02ea328f', 'Payload_b41f', '9d7f318d-cf40-434e-b545-085a06205446', '16599b2c-be6f-4f4d-bd9c-1d567b31b9db');
INSERT INTO tas_demo.colleague_details VALUES ('1ec46e25-ad71-4546-874c-c505f8d34adb', 'e0911d53-1b3c-4c55-b181-985900158797', 'Payload_e091', '9d7f318d-cf40-434e-b545-085a06205446', '652f1ca0-bf2c-450f-987a-1386218cd602');
INSERT INTO tas_demo.colleague_details VALUES ('5e607e8e-456f-451f-b27c-13b3103adadf', 'a064aaee-2881-4094-9437-4d6f0a2c5b61', 'Payload_a064', 'b1e43bc5-4bd2-4285-8940-71722b24f1e8', '32c8a78b-8962-44a0-846f-eef74b57294d');
INSERT INTO tas_demo.colleague_details VALUES ('a40b185d-db1e-433b-92cf-10c1e0aa760f', '46f14058-c591-4513-b03c-1aa371adf567', 'Payload_46f1', '3be9a734-0fcd-45b4-95d0-77217bb8cdec', '16599b2c-be6f-4f4d-bd9c-1d567b31b9db');
INSERT INTO tas_demo.colleague_details VALUES ('8b3fb0ab-f304-4f11-b9ee-e0a4e1e4b3d9', 'fc7ed60e-6041-4fe1-ab90-83de6b598388', 'Payload_fc7e', 'cf10a6f8-0543-4a1c-ab20-c7c5fe9f4445', 'ac84175c-c750-464e-ba43-033da9ce690f');
INSERT INTO tas_demo.colleague_details VALUES ('07871ae4-adc8-4b79-a0c0-303836fc0b15', '5921d827-b680-42bf-b76a-0c61067314eb', 'Payload_5921', '3be9a734-0fcd-45b4-95d0-77217bb8cdec', '32c8a78b-8962-44a0-846f-eef74b57294d');
INSERT INTO tas_demo.colleague_details VALUES ('c6ac886c-4420-43ae-89fe-a49e27e77c6d', '2ebb2ad5-efc0-40c4-beff-9a2cd743c860', 'Payload_2ebb', 'cf10a6f8-0543-4a1c-ab20-c7c5fe9f4445', '32c8a78b-8962-44a0-846f-eef74b57294d');
INSERT INTO tas_demo.colleague_details VALUES ('4d593789-daf5-49d3-82f9-b1c79eefbcdb', '8d75988e-51ed-44f1-9a48-0985266bd845', 'Payload_8d75', '9d7f318d-cf40-434e-b545-085a06205446', '90342c31-7775-4f17-9897-264d9b9c12b4');
INSERT INTO tas_demo.colleague_details VALUES ('f934eab6-d90c-45b4-89ec-cdf48f48d102', '959143af-eecb-466d-8785-cf3e808c7562', 'Payload_9591', '14b794d0-b206-4ab6-b405-0a52f7c11ef0', '32c8a78b-8962-44a0-846f-eef74b57294d');
INSERT INTO tas_demo.colleague_details VALUES ('bb82f468-cd2b-4baa-9e1d-843701acc5f1', 'fb9a1b30-2bcb-4a3d-8e77-7157219ca5a3', 'Payload_fb9a', '3be9a734-0fcd-45b4-95d0-77217bb8cdec', 'ac84175c-c750-464e-ba43-033da9ce690f');
INSERT INTO tas_demo.planned_shift VALUES ('47a8c250-22c4-4fe9-8039-5d9395b4d1d0', '405335a6-8ce7-461a-82a8-1ed888f50b57', '2025-06-07T15:42:55.744923', '2025-06-07T23:42:55.744923', 'ShiftPayload_4053', '2025-06-07T15:42:55.744923', '2025-06-07T23:42:55.744923', '3be9a734-0fcd-45b4-95d0-77217bb8cdec', 'v1');
INSERT INTO tas_demo.planned_shift VALUES ('f5f30f2f-b01d-49bb-9eba-3fe7f31c281f', '2de7a617-ddf6-4bc3-8246-17bf1ccdf2d8', '2025-06-13T15:42:55.744977', '2025-06-13T23:42:55.744977', 'ShiftPayload_2de7', '2025-06-13T15:42:55.744977', '2025-06-13T23:42:55.744977', 'cf10a6f8-0543-4a1c-ab20-c7c5fe9f4445', 'v1');
INSERT INTO tas_demo.planned_shift VALUES ('e5360cce-5730-4e79-bd5b-da6a238fffbb', 'b03af982-6a7e-4e34-9174-ed008cea867f', '2025-06-07T15:42:55.745014', '2025-06-07T23:42:55.745014', 'ShiftPayload_b03a', '2025-06-07T15:42:55.745014', '2025-06-07T23:42:55.745014', 'b1e43bc5-4bd2-4285-8940-71722b24f1e8', 'v1');
INSERT INTO tas_demo.planned_shift VALUES ('e2ac194a-76d3-4b70-85c9-bb1c7114b4f5', '60465f50-3dee-44f5-8596-41b785180ba2', '2025-06-25T15:42:55.745053', '2025-06-25T23:42:55.745053', 'ShiftPayload_6046', '2025-06-25T15:42:55.745053', '2025-06-25T23:42:55.745053', 'b1e43bc5-4bd2-4285-8940-71722b24f1e8', 'v1');
INSERT INTO tas_demo.planned_shift VALUES ('255b5038-b74c-4023-bd87-75468ae13623', '7f88b410-2c40-4851-9897-b035c83e804d', '2025-06-30T15:42:55.745082', '2025-06-30T23:42:55.745082', 'ShiftPayload_7f88', '2025-06-30T15:42:55.745082', '2025-06-30T23:42:55.745082', '3be9a734-0fcd-45b4-95d0-77217bb8cdec', 'v1');
INSERT INTO tas_demo.planned_shift VALUES ('7d0858d0-af3a-47a3-9590-0b16d4fdb1bb', '1154ca96-a808-4e4d-aad2-0b4d118cbdff', '2025-06-15T15:42:55.745098', '2025-06-15T23:42:55.745098', 'ShiftPayload_1154', '2025-06-15T15:42:55.745098', '2025-06-15T23:42:55.745098', 'b1e43bc5-4bd2-4285-8940-71722b24f1e8', 'v1');
INSERT INTO tas_demo.planned_shift VALUES ('3e26cfd7-b47c-4eab-a485-4226137d7e05', 'b1910341-3d40-4d3a-93db-2760d40e0e67', '2025-06-11T15:42:55.745112', '2025-06-11T23:42:55.745112', 'ShiftPayload_b191', '2025-06-11T15:42:55.745112', '2025-06-11T23:42:55.745112', '14b794d0-b206-4ab6-b405-0a52f7c11ef0', 'v1');
INSERT INTO tas_demo.planned_shift VALUES ('02c2bd70-6452-400c-a130-13dc5d9f89e4', 'f41d31e2-dd0a-4fc9-a9e6-3c3b04527a9f', '2025-06-26T15:42:55.745128', '2025-06-26T23:42:55.745128', 'ShiftPayload_f41d', '2025-06-26T15:42:55.745128', '2025-06-26T23:42:55.745128', '3be9a734-0fcd-45b4-95d0-77217bb8cdec', 'v1');
INSERT INTO tas_demo.planned_shift VALUES ('3aede904-c885-4da3-9be1-7308f01384a5', '6286e8d3-f106-44ec-b7e9-a84db5356862', '2025-06-27T15:42:55.745146', '2025-06-27T23:42:55.745146', 'ShiftPayload_6286', '2025-06-27T15:42:55.745146', '2025-06-27T23:42:55.745146', '9d7f318d-cf40-434e-b545-085a06205446', 'v1');
INSERT INTO tas_demo.planned_shift VALUES ('bf78bd1a-1041-4cd3-ac7a-8f6f4d07044f', 'e41a09a2-60d2-47c3-8b58-cfd3992d02e4', '2025-06-21T15:42:55.745162', '2025-06-21T23:42:55.745162', 'ShiftPayload_e41a', '2025-06-21T15:42:55.745162', '2025-06-21T23:42:55.745162', '3be9a734-0fcd-45b4-95d0-77217bb8cdec', 'v1');
INSERT INTO tas_demo.planned_shift VALUES ('c97fbfa4-93f2-42df-abf5-06a81876e9e6', 'b41f315f-3241-4e64-829f-6a8d02ea328f', '2025-06-18T15:42:55.745180', '2025-06-18T23:42:55.745180', 'ShiftPayload_b41f', '2025-06-18T15:42:55.745180', '2025-06-18T23:42:55.745180', '9d7f318d-cf40-434e-b545-085a06205446', 'v1');
INSERT INTO tas_demo.planned_shift VALUES ('0e70deac-8a58-45b9-9dc0-c9d8cfdc9629', 'e0911d53-1b3c-4c55-b181-985900158797', '2025-07-04T15:42:55.745194', '2025-07-04T23:42:55.745194', 'ShiftPayload_e091', '2025-07-04T15:42:55.745194', '2025-07-04T23:42:55.745194', '9d7f318d-cf40-434e-b545-085a06205446', 'v1');
INSERT INTO tas_demo.planned_shift VALUES ('0dfa79c9-cbcc-441a-a419-87d27c9c8989', 'a064aaee-2881-4094-9437-4d6f0a2c5b61', '2025-06-09T15:42:55.745208', '2025-06-09T23:42:55.745208', 'ShiftPayload_a064', '2025-06-09T15:42:55.745208', '2025-06-09T23:42:55.745208', 'b1e43bc5-4bd2-4285-8940-71722b24f1e8', 'v1');
INSERT INTO tas_demo.planned_shift VALUES ('8a9be96b-d328-4d63-9050-605733ba7d55', '46f14058-c591-4513-b03c-1aa371adf567', '2025-06-09T15:42:55.745222', '2025-06-09T23:42:55.745222', 'ShiftPayload_46f1', '2025-06-09T15:42:55.745222', '2025-06-09T23:42:55.745222', '3be9a734-0fcd-45b4-95d0-77217bb8cdec', 'v1');
INSERT INTO tas_demo.planned_shift VALUES ('65408332-4d07-4392-b705-a71a74fdb794', 'fc7ed60e-6041-4fe1-ab90-83de6b598388', '2025-07-03T15:42:55.745237', '2025-07-03T23:42:55.745237', 'ShiftPayload_fc7e', '2025-07-03T15:42:55.745237', '2025-07-03T23:42:55.745237', 'cf10a6f8-0543-4a1c-ab20-c7c5fe9f4445', 'v1');
INSERT INTO tas_demo.planned_shift VALUES ('5871ac61-4ec3-4c56-b408-dfa8c3e72f0c', '5921d827-b680-42bf-b76a-0c61067314eb', '2025-06-16T15:42:55.745252', '2025-06-16T23:42:55.745252', 'ShiftPayload_5921', '2025-06-16T15:42:55.745252', '2025-06-16T23:42:55.745252', '3be9a734-0fcd-45b4-95d0-77217bb8cdec', 'v1');
INSERT INTO tas_demo.planned_shift VALUES ('d86070ef-941c-4a04-bddf-cfc1b22ad809', '2ebb2ad5-efc0-40c4-beff-9a2cd743c860', '2025-06-07T15:42:55.745267', '2025-06-07T23:42:55.745267', 'ShiftPayload_2ebb', '2025-06-07T15:42:55.745267', '2025-06-07T23:42:55.745267', 'cf10a6f8-0543-4a1c-ab20-c7c5fe9f4445', 'v1');
INSERT INTO tas_demo.planned_shift VALUES ('cf70bd4a-867b-4780-aeb6-18091b6ebbe5', '8d75988e-51ed-44f1-9a48-0985266bd845', '2025-07-06T15:42:55.745284', '2025-07-06T23:42:55.745284', 'ShiftPayload_8d75', '2025-07-06T15:42:55.745284', '2025-07-06T23:42:55.745284', '9d7f318d-cf40-434e-b545-085a06205446', 'v1');
INSERT INTO tas_demo.planned_shift VALUES ('da805206-229e-4520-9d50-87c01df3d016', '959143af-eecb-466d-8785-cf3e808c7562', '2025-06-27T15:42:55.745319', '2025-06-27T23:42:55.745319', 'ShiftPayload_9591', '2025-06-27T15:42:55.745319', '2025-06-27T23:42:55.745319', '14b794d0-b206-4ab6-b405-0a52f7c11ef0', 'v1');
INSERT INTO tas_demo.planned_shift VALUES ('d8e1d19b-e41d-413c-9df8-0fb72f3085b5', 'fb9a1b30-2bcb-4a3d-8e77-7157219ca5a3', '2025-07-04T15:42:55.745422', '2025-07-04T23:42:55.745422', 'ShiftPayload_fb9a', '2025-07-04T15:42:55.745422', '2025-07-04T23:42:55.745422', '3be9a734-0fcd-45b4-95d0-77217bb8cdec', 'v1');
INSERT INTO tas_demo.exception VALUES ('6ad3e408-ca14-4b53-a4e4-90543db7ea29', 'TYPE_A', '16599b2c-be6f-4f4d-bd9c-1d567b31b9db', '405335a6-8ce7-461a-82a8-1ed888f50b57', '2025-06-24T15:42:55.745758', '3be9a734-0fcd-45b4-95d0-77217bb8cdec', 81, '2025-06-24T15:42:55.745758', '2025-06-24T16:42:55.745758');
INSERT INTO tas_demo.exception VALUES ('d11adf2e-894c-4df9-a1da-04e87c4c4fae', 'TYPE_A', '16599b2c-be6f-4f4d-bd9c-1d567b31b9db', '2de7a617-ddf6-4bc3-8246-17bf1ccdf2d8', '2025-06-11T15:42:55.745824', 'cf10a6f8-0543-4a1c-ab20-c7c5fe9f4445', 237, '2025-06-11T15:42:55.745824', '2025-06-11T16:42:55.745824');
INSERT INTO tas_demo.exception VALUES ('045fa00b-1dc4-4d83-acf3-e7193306a95c', 'TYPE_A', 'ac84175c-c750-464e-ba43-033da9ce690f', 'b03af982-6a7e-4e34-9174-ed008cea867f', '2025-07-05T15:42:55.745890', 'b1e43bc5-4bd2-4285-8940-71722b24f1e8', 29, '2025-07-05T15:42:55.745890', '2025-07-05T16:42:55.745890');
INSERT INTO tas_demo.exception VALUES ('d56236e5-1243-40da-a1a5-414f25bfe47e', 'TYPE_A', '652f1ca0-bf2c-450f-987a-1386218cd602', '60465f50-3dee-44f5-8596-41b785180ba2', '2025-07-02T15:42:55.745936', 'b1e43bc5-4bd2-4285-8940-71722b24f1e8', 173, '2025-07-02T15:42:55.745936', '2025-07-02T16:42:55.745936');
INSERT INTO tas_demo.exception VALUES ('6f476bfc-608f-40dd-a267-1aa90dd34ab1', 'TYPE_A', '32c8a78b-8962-44a0-846f-eef74b57294d', '7f88b410-2c40-4851-9897-b035c83e804d', '2025-06-14T15:42:55.745979', '3be9a734-0fcd-45b4-95d0-77217bb8cdec', 61, '2025-06-14T15:42:55.745979', '2025-06-14T16:42:55.745979');
INSERT INTO tas_demo.exception VALUES ('b64d64ae-3154-42af-8b98-cb05c29fec06', 'TYPE_A', '16599b2c-be6f-4f4d-bd9c-1d567b31b9db', '1154ca96-a808-4e4d-aad2-0b4d118cbdff', '2025-07-02T15:42:55.746028', 'b1e43bc5-4bd2-4285-8940-71722b24f1e8', 158, '2025-07-02T15:42:55.746028', '2025-07-02T16:42:55.746028');
INSERT INTO tas_demo.exception VALUES ('4ec11eb6-eccf-456f-ba8c-a271fd7406bd', 'TYPE_A', '16599b2c-be6f-4f4d-bd9c-1d567b31b9db', 'b1910341-3d40-4d3a-93db-2760d40e0e67', '2025-06-14T15:42:55.746075', '14b794d0-b206-4ab6-b405-0a52f7c11ef0', 133, '2025-06-14T15:42:55.746075', '2025-06-14T16:42:55.746075');
INSERT INTO tas_demo.exception VALUES ('8fb8d229-f491-470b-945b-f9e39cd1bde7', 'TYPE_A', '90342c31-7775-4f17-9897-264d9b9c12b4', 'f41d31e2-dd0a-4fc9-a9e6-3c3b04527a9f', '2025-06-22T15:42:55.746143', '3be9a734-0fcd-45b4-95d0-77217bb8cdec', 101, '2025-06-22T15:42:55.746143', '2025-06-22T16:42:55.746143');
INSERT INTO tas_demo.exception VALUES ('d54f12c4-0dfc-4cdd-b630-39f8f648b426', 'TYPE_A', 'ac84175c-c750-464e-ba43-033da9ce690f', '6286e8d3-f106-44ec-b7e9-a84db5356862', '2025-06-16T15:42:55.746187', '9d7f318d-cf40-434e-b545-085a06205446', 182, '2025-06-16T15:42:55.746187', '2025-06-16T16:42:55.746187');
INSERT INTO tas_demo.exception VALUES ('2a047b60-ee7d-4d98-8c96-a17061f37d1e', 'TYPE_A', '16599b2c-be6f-4f4d-bd9c-1d567b31b9db', 'e41a09a2-60d2-47c3-8b58-cfd3992d02e4', '2025-06-08T15:42:55.746229', '3be9a734-0fcd-45b4-95d0-77217bb8cdec', 174, '2025-06-08T15:42:55.746229', '2025-06-08T16:42:55.746229');
INSERT INTO tas_demo.exception VALUES ('92997abb-0295-4345-b335-9d03d9068a1e', 'TYPE_A', '16599b2c-be6f-4f4d-bd9c-1d567b31b9db', 'b41f315f-3241-4e64-829f-6a8d02ea328f', '2025-06-29T15:42:55.746279', '9d7f318d-cf40-434e-b545-085a06205446', 37, '2025-06-29T15:42:55.746279', '2025-06-29T16:42:55.746279');
INSERT INTO tas_demo.exception VALUES ('7316cbb8-ec5a-474c-a922-ec44e40f801c', 'TYPE_A', '652f1ca0-bf2c-450f-987a-1386218cd602', 'e0911d53-1b3c-4c55-b181-985900158797', '2025-06-11T15:42:55.746323', '9d7f318d-cf40-434e-b545-085a06205446', 58, '2025-06-11T15:42:55.746323', '2025-06-11T16:42:55.746323');
INSERT INTO tas_demo.exception VALUES ('06160fb9-b99e-4ee3-b550-55249aac80cb', 'TYPE_A', '32c8a78b-8962-44a0-846f-eef74b57294d', 'a064aaee-2881-4094-9437-4d6f0a2c5b61', '2025-06-20T15:42:55.746361', 'b1e43bc5-4bd2-4285-8940-71722b24f1e8', 141, '2025-06-20T15:42:55.746361', '2025-06-20T16:42:55.746361');
INSERT INTO tas_demo.exception VALUES ('a7c2cdc2-94a9-4427-b177-81853471a9ba', 'TYPE_A', '16599b2c-be6f-4f4d-bd9c-1d567b31b9db', '46f14058-c591-4513-b03c-1aa371adf567', '2025-07-06T15:42:55.746419', '3be9a734-0fcd-45b4-95d0-77217bb8cdec', 51, '2025-07-06T15:42:55.746419', '2025-07-06T16:42:55.746419');
INSERT INTO tas_demo.exception VALUES ('65ff3f5c-2866-4f48-93f4-e7920cf5af2c', 'TYPE_A', 'ac84175c-c750-464e-ba43-033da9ce690f', 'fc7ed60e-6041-4fe1-ab90-83de6b598388', '2025-06-26T15:42:55.746447', 'cf10a6f8-0543-4a1c-ab20-c7c5fe9f4445', 17, '2025-06-26T15:42:55.746447', '2025-06-26T16:42:55.746447');
INSERT INTO tas_demo.exception VALUES ('720da7f6-cc18-4195-b04e-cb111624ed64', 'TYPE_A', '32c8a78b-8962-44a0-846f-eef74b57294d', '5921d827-b680-42bf-b76a-0c61067314eb', '2025-06-14T15:42:55.746491', '3be9a734-0fcd-45b4-95d0-77217bb8cdec', 97, '2025-06-14T15:42:55.746491', '2025-06-14T16:42:55.746491');
INSERT INTO tas_demo.exception VALUES ('3767f9a7-b836-4e9d-b69f-8025a8f77099', 'TYPE_A', '32c8a78b-8962-44a0-846f-eef74b57294d', '2ebb2ad5-efc0-40c4-beff-9a2cd743c860', '2025-06-19T15:42:55.746518', 'cf10a6f8-0543-4a1c-ab20-c7c5fe9f4445', 165, '2025-06-19T15:42:55.746518', '2025-06-19T16:42:55.746518');
INSERT INTO tas_demo.exception VALUES ('245b3b84-8bde-4550-aff5-dc28e903d6cb', 'TYPE_A', '90342c31-7775-4f17-9897-264d9b9c12b4', '8d75988e-51ed-44f1-9a48-0985266bd845', '2025-06-13T15:42:55.746534', '9d7f318d-cf40-434e-b545-085a06205446', 76, '2025-06-13T15:42:55.746534', '2025-06-13T16:42:55.746534');
INSERT INTO tas_demo.exception VALUES ('29e26804-fbf0-408d-b6bb-73cebdeaf7e1', 'TYPE_A', '32c8a78b-8962-44a0-846f-eef74b57294d', '959143af-eecb-466d-8785-cf3e808c7562', '2025-07-03T15:42:55.746550', '14b794d0-b206-4ab6-b405-0a52f7c11ef0', 65, '2025-07-03T15:42:55.746550', '2025-07-03T16:42:55.746550');
INSERT INTO tas_demo.exception VALUES ('e46f11bc-16e3-4ef9-9e07-a95ffcf256ab', 'TYPE_A', 'ac84175c-c750-464e-ba43-033da9ce690f', 'fb9a1b30-2bcb-4a3d-8e77-7157219ca5a3', '2025-06-18T15:42:55.746569', '3be9a734-0fcd-45b4-95d0-77217bb8cdec', 221, '2025-06-18T15:42:55.746569', '2025-06-18T16:42:55.746569');
INSERT INTO tas_demo.exception_audit VALUES ('5a184e6e-68e1-4763-aea2-fc9ec70d7982', '6ad3e408-ca14-4b53-a4e4-90543db7ea29', 'PAY_ACTUAL', '2025-06-24T15:42:55.745758', '8c5cd9a1-3672-4703-a43b-5f73001ea43c', 'Payload_Audit_6ad3');
INSERT INTO tas_demo.exception_audit VALUES ('f2b54f18-02f1-4650-b6d1-f2267e71daef', 'd11adf2e-894c-4df9-a1da-04e87c4c4fae', 'PAY_ACTUAL', '2025-06-11T15:42:55.745824', '7f8f7663-2e5e-4583-8746-05634207e52d', 'Payload_Audit_d11a');
INSERT INTO tas_demo.exception_audit VALUES ('1bc6d192-d09d-442e-937c-c9b1b23796f6', '045fa00b-1dc4-4d83-acf3-e7193306a95c', 'PAY_ACTUAL', '2025-07-05T15:42:55.745890', '89219b98-7861-4818-b31c-adc6db3a2e36', 'Payload_Audit_045f');
INSERT INTO tas_demo.exception_audit VALUES ('510bdca8-32ca-4fbc-8a4c-144610d2881d', 'd56236e5-1243-40da-a1a5-414f25bfe47e', 'PAY_ACTUAL', '2025-07-02T15:42:55.745936', '6b1e8eb1-fc8a-40c7-8716-6abe1972007f', 'Payload_Audit_d562');
INSERT INTO tas_demo.exception_audit VALUES ('454e61c6-67cf-47f9-a054-0566c303eeec', '6f476bfc-608f-40dd-a267-1aa90dd34ab1', 'PAY_ACTUAL', '2025-06-14T15:42:55.745979', '54c1e001-4bae-4b96-ae7a-c0502b6fd084', 'Payload_Audit_6f47');
INSERT INTO tas_demo.exception_audit VALUES ('01d5c224-f7a2-4ed0-bee1-302e2b84076c', 'b64d64ae-3154-42af-8b98-cb05c29fec06', 'PAY_ACTUAL', '2025-07-02T15:42:55.746028', '000c6f62-5d42-4a4b-babc-4b86f424ded5', 'Payload_Audit_b64d');
INSERT INTO tas_demo.exception_audit VALUES ('c0d25c0f-9c99-4a76-b0e0-9c5fdb14cbd9', '4ec11eb6-eccf-456f-ba8c-a271fd7406bd', 'PAY_ACTUAL', '2025-06-14T15:42:55.746075', '51ce4ee4-ee62-4bc5-afc8-bda8fedcd58f', 'Payload_Audit_4ec1');
INSERT INTO tas_demo.exception_audit VALUES ('0a161615-6f6f-4403-af87-a208395054e6', '8fb8d229-f491-470b-945b-f9e39cd1bde7', 'PAY_ACTUAL', '2025-06-22T15:42:55.746143', '8b68ee31-49b4-4c27-b741-e64f97a44932', 'Payload_Audit_8fb8');
INSERT INTO tas_demo.exception_audit VALUES ('dd574e13-74ad-41e4-8dde-febd5e7100a7', 'd54f12c4-0dfc-4cdd-b630-39f8f648b426', 'PAY_ACTUAL', '2025-06-16T15:42:55.746187', '62b723f1-8d57-4d6a-a3ac-86ac5bef8856', 'Payload_Audit_d54f');
INSERT INTO tas_demo.exception_audit VALUES ('411fe765-a00d-4a5e-a559-4cb23e0d54a0', '2a047b60-ee7d-4d98-8c96-a17061f37d1e', 'PAY_ACTUAL', '2025-06-08T15:42:55.746229', '50fa7ee8-0f59-4da7-9cde-92a64cb56978', 'Payload_Audit_2a04');
INSERT INTO tas_demo.exception_audit VALUES ('3ee6de4b-a5e1-4bef-89c3-f14544b83068', '92997abb-0295-4345-b335-9d03d9068a1e', 'PAY_ACTUAL', '2025-06-29T15:42:55.746279', 'a46346d3-ba9b-47dc-96eb-690d12826ec6', 'Payload_Audit_9299');
INSERT INTO tas_demo.exception_audit VALUES ('816b15e9-5b31-47d7-8e92-c9b59a228a14', '7316cbb8-ec5a-474c-a922-ec44e40f801c', 'PAY_ACTUAL', '2025-06-11T15:42:55.746323', 'd1853d3a-9e55-48c8-85b8-cc782b7beb20', 'Payload_Audit_7316');
INSERT INTO tas_demo.exception_audit VALUES ('11aac922-5278-4f78-a155-ff595616398d', '06160fb9-b99e-4ee3-b550-55249aac80cb', 'PAY_ACTUAL', '2025-06-20T15:42:55.746361', '0070285d-3434-45e7-971a-c1221befe4a0', 'Payload_Audit_0616');
INSERT INTO tas_demo.exception_audit VALUES ('a53fdaa0-c6a1-4e55-80f0-6925bd454107', 'a7c2cdc2-94a9-4427-b177-81853471a9ba', 'PAY_ACTUAL', '2025-07-06T15:42:55.746419', 'e335ff48-6f3c-4ef2-abb7-d08c9fd32057', 'Payload_Audit_a7c2');
INSERT INTO tas_demo.exception_audit VALUES ('9ba6ac4f-b8a2-4cb7-9d9e-2ed42e1b2f6d', '65ff3f5c-2866-4f48-93f4-e7920cf5af2c', 'PAY_ACTUAL', '2025-06-26T15:42:55.746447', '73f73ad0-d4b6-4e56-8d27-382918bf7021', 'Payload_Audit_65ff');
INSERT INTO tas_demo.exception_audit VALUES ('6f79470d-f24b-4bd1-b6a9-4c4cd2c3e9c6', '720da7f6-cc18-4195-b04e-cb111624ed64', 'PAY_ACTUAL', '2025-06-14T15:42:55.746491', '4c2a4f95-7259-4c3b-aa41-ee16e4ffc59b', 'Payload_Audit_720d');
INSERT INTO tas_demo.exception_audit VALUES ('68230a72-7ecc-40ca-9a84-a9abe815e2b0', '3767f9a7-b836-4e9d-b69f-8025a8f77099', 'PAY_ACTUAL', '2025-06-19T15:42:55.746518', '425edfc5-6d12-463e-a76a-23a585b51a67', 'Payload_Audit_3767');
INSERT INTO tas_demo.exception_audit VALUES ('0b22616c-a3f6-4c66-8c5a-b0a784e994ae', '245b3b84-8bde-4550-aff5-dc28e903d6cb', 'PAY_ACTUAL', '2025-06-13T15:42:55.746534', 'a2582c40-1ea8-4b2c-9136-8cbcbc8b94e7', 'Payload_Audit_245b');
INSERT INTO tas_demo.exception_audit VALUES ('897c211c-62fd-42a1-b52a-74c574a3b257', '29e26804-fbf0-408d-b6bb-73cebdeaf7e1', 'PAY_ACTUAL', '2025-07-03T15:42:55.746550', '0273d3ed-5585-4794-95e3-d3e2b88b8ef5', 'Payload_Audit_29e2');
INSERT INTO tas_demo.exception_audit VALUES ('d1d15fb2-c9db-46b1-99b4-a8acbae85092', 'e46f11bc-16e3-4ef9-9e07-a95ffcf256ab', 'PAY_ACTUAL', '2025-06-18T15:42:55.746569', 'e42df43d-7a97-44de-98cc-e7c4db47c441', 'Payload_Audit_e46f');
INSERT INTO tas_demo.exception_detail VALUES ('5a557bb8-50ea-42c7-a46b-589e47dade7a', '6ad3e408-ca14-4b53-a4e4-90543db7ea29', '3be9a734-0fcd-45b4-95d0-77217bb8cdec', '2025-06-24T15:42:55.745758', '2025-06-24T16:42:55.745758', 60, FALSE, '2025-06-24T16:42:55.745758', 'RESOLVED');
INSERT INTO tas_demo.exception_detail VALUES ('1f46b2e0-e5c0-4e39-ba85-5292f7482a3c', 'd11adf2e-894c-4df9-a1da-04e87c4c4fae', 'cf10a6f8-0543-4a1c-ab20-c7c5fe9f4445', '2025-06-11T15:42:55.745824', '2025-06-11T16:42:55.745824', 60, FALSE, '2025-06-11T16:42:55.745824', 'RESOLVED');
INSERT INTO tas_demo.exception_detail VALUES ('cc848694-62c2-4a41-a1b0-017a1d08e2d2', '045fa00b-1dc4-4d83-acf3-e7193306a95c', 'b1e43bc5-4bd2-4285-8940-71722b24f1e8', '2025-07-05T15:42:55.745890', '2025-07-05T16:42:55.745890', 60, FALSE, '2025-07-05T16:42:55.745890', 'OPEN');
INSERT INTO tas_demo.exception_detail VALUES ('adba90e9-4fdb-4765-8a42-01bc08a2b5e1', 'd56236e5-1243-40da-a1a5-414f25bfe47e', 'b1e43bc5-4bd2-4285-8940-71722b24f1e8', '2025-07-02T15:42:55.745936', '2025-07-02T16:42:55.745936', 60, TRUE, '2025-07-02T16:42:55.745936', 'RESOLVED');
INSERT INTO tas_demo.exception_detail VALUES ('18643e29-aca7-4da6-8a75-3228c88e1fe8', '6f476bfc-608f-40dd-a267-1aa90dd34ab1', '3be9a734-0fcd-45b4-95d0-77217bb8cdec', '2025-06-14T15:42:55.745979', '2025-06-14T16:42:55.745979', 60, FALSE, '2025-06-14T16:42:55.745979', 'OPEN');
INSERT INTO tas_demo.exception_detail VALUES ('cd243029-5677-4a9c-8a8c-d0d09a00c9ed', 'b64d64ae-3154-42af-8b98-cb05c29fec06', 'b1e43bc5-4bd2-4285-8940-71722b24f1e8', '2025-07-02T15:42:55.746028', '2025-07-02T16:42:55.746028', 60, FALSE, '2025-07-02T16:42:55.746028', 'OPEN');
INSERT INTO tas_demo.exception_detail VALUES ('22033a02-2708-4c9a-917a-a5dc528dc341', '4ec11eb6-eccf-456f-ba8c-a271fd7406bd', '14b794d0-b206-4ab6-b405-0a52f7c11ef0', '2025-06-14T15:42:55.746075', '2025-06-14T16:42:55.746075', 60, TRUE, '2025-06-14T16:42:55.746075', 'OPEN');
INSERT INTO tas_demo.exception_detail VALUES ('4a9a45d0-f469-4f70-b8ae-7aefc90ad358', '8fb8d229-f491-470b-945b-f9e39cd1bde7', '3be9a734-0fcd-45b4-95d0-77217bb8cdec', '2025-06-22T15:42:55.746143', '2025-06-22T16:42:55.746143', 60, TRUE, '2025-06-22T16:42:55.746143', 'OPEN');
INSERT INTO tas_demo.exception_detail VALUES ('8a335644-aa60-4644-a97c-285eec61a5f2', 'd54f12c4-0dfc-4cdd-b630-39f8f648b426', '9d7f318d-cf40-434e-b545-085a06205446', '2025-06-16T15:42:55.746187', '2025-06-16T16:42:55.746187', 60, FALSE, '2025-06-16T16:42:55.746187', 'OPEN');
INSERT INTO tas_demo.exception_detail VALUES ('edae86c5-5449-43e5-bd5d-0ab3cd072092', '2a047b60-ee7d-4d98-8c96-a17061f37d1e', '3be9a734-0fcd-45b4-95d0-77217bb8cdec', '2025-06-08T15:42:55.746229', '2025-06-08T16:42:55.746229', 60, FALSE, '2025-06-08T16:42:55.746229', 'OPEN');
INSERT INTO tas_demo.exception_detail VALUES ('086a426a-80c2-4675-96c8-3afd1b3bbefd', '92997abb-0295-4345-b335-9d03d9068a1e', '9d7f318d-cf40-434e-b545-085a06205446', '2025-06-29T15:42:55.746279', '2025-06-29T16:42:55.746279', 60, FALSE, '2025-06-29T16:42:55.746279', 'RESOLVED');
INSERT INTO tas_demo.exception_detail VALUES ('443e5438-f8f1-4fa9-b041-aa737fc5829e', '7316cbb8-ec5a-474c-a922-ec44e40f801c', '9d7f318d-cf40-434e-b545-085a06205446', '2025-06-11T15:42:55.746323', '2025-06-11T16:42:55.746323', 60, FALSE, '2025-06-11T16:42:55.746323', 'RESOLVED');
INSERT INTO tas_demo.exception_detail VALUES ('882d25ef-c341-4269-864b-47ebdfe4f6f5', '06160fb9-b99e-4ee3-b550-55249aac80cb', 'b1e43bc5-4bd2-4285-8940-71722b24f1e8', '2025-06-20T15:42:55.746361', '2025-06-20T16:42:55.746361', 60, FALSE, '2025-06-20T16:42:55.746361', 'OPEN');
INSERT INTO tas_demo.exception_detail VALUES ('e0d95d81-8821-44c1-abdb-f2d751dd504f', 'a7c2cdc2-94a9-4427-b177-81853471a9ba', '3be9a734-0fcd-45b4-95d0-77217bb8cdec', '2025-07-06T15:42:55.746419', '2025-07-06T16:42:55.746419', 60, FALSE, '2025-07-06T16:42:55.746419', 'RESOLVED');
INSERT INTO tas_demo.exception_detail VALUES ('9e4584ec-5e78-4f9c-94d0-3bc983f426b5', '65ff3f5c-2866-4f48-93f4-e7920cf5af2c', 'cf10a6f8-0543-4a1c-ab20-c7c5fe9f4445', '2025-06-26T15:42:55.746447', '2025-06-26T16:42:55.746447', 60, TRUE, '2025-06-26T16:42:55.746447', 'OPEN');
INSERT INTO tas_demo.exception_detail VALUES ('bb36db0b-eec4-44c5-b3c4-8e65d62d19fe', '720da7f6-cc18-4195-b04e-cb111624ed64', '3be9a734-0fcd-45b4-95d0-77217bb8cdec', '2025-06-14T15:42:55.746491', '2025-06-14T16:42:55.746491', 60, FALSE, '2025-06-14T16:42:55.746491', 'RESOLVED');
INSERT INTO tas_demo.exception_detail VALUES ('19983405-d863-48c2-811d-cf13cc8b8a9e', '3767f9a7-b836-4e9d-b69f-8025a8f77099', 'cf10a6f8-0543-4a1c-ab20-c7c5fe9f4445', '2025-06-19T15:42:55.746518', '2025-06-19T16:42:55.746518', 60, TRUE, '2025-06-19T16:42:55.746518', 'RESOLVED');
INSERT INTO tas_demo.exception_detail VALUES ('4dca99b2-0966-4bb7-8627-be8398391f2c', '245b3b84-8bde-4550-aff5-dc28e903d6cb', '9d7f318d-cf40-434e-b545-085a06205446', '2025-06-13T15:42:55.746534', '2025-06-13T16:42:55.746534', 60, FALSE, '2025-06-13T16:42:55.746534', 'OPEN');
INSERT INTO tas_demo.exception_detail VALUES ('88103461-22a8-4fa3-b417-dbd30b495d71', '29e26804-fbf0-408d-b6bb-73cebdeaf7e1', '14b794d0-b206-4ab6-b405-0a52f7c11ef0', '2025-07-03T15:42:55.746550', '2025-07-03T16:42:55.746550', 60, FALSE, '2025-07-03T16:42:55.746550', 'OPEN');
INSERT INTO tas_demo.exception_detail VALUES ('5ac6792c-6100-475f-8b24-1d7766a3d19b', 'e46f11bc-16e3-4ef9-9e07-a95ffcf256ab', '3be9a734-0fcd-45b4-95d0-77217bb8cdec', '2025-06-18T15:42:55.746569', '2025-06-18T16:42:55.746569', 60, TRUE, '2025-06-18T16:42:55.746569', 'RESOLVED');
